{
  "project_info": {
    "project_number": "241414160830",
    "project_id": "supa-koto-fbc1a",
    "storage_bucket": "supa-koto-fbc1a.appspot.com"
  },
  "client": [
    {
      "client_info": {
        "mobilesdk_app_id": "1:241414160830:android:4b0a8a6f2935d62d3fb9ef",
        "android_client_info": {
          "package_name": "com.promina.supakoto"
        }
      },
      "oauth_client": [
        {
          "client_id": "241414160830-6bactas103tdnqo5597hrbu6iqe69f35.apps.googleusercontent.com",
          "client_type": 3
        }
      ],
      "api_key": [
        {
          "current_key": "AIzaSyBnw1ECEYgCPPmMb1iKlrluL8_0CKZlahI"
        }
      ],
      "services": {
        "appinvite_service": {
          "other_platform_oauth_client": [
            {
              "client_id": "241414160830-6bactas103tdnqo5597hrbu6iqe69f35.apps.googleusercontent.com",
              "client_type": 3
            },
            {
              "client_id": "241414160830-630v3hqbueatsvnqi93i8ie3536u40v0.apps.googleusercontent.com",
              "client_type": 2,
              "ios_info": {
                "bundle_id": "com.example.supaKota"
              }
            }
          ]
        }
      }
    }
  ],
  "configuration_version": "1"
}